System,EM,F1,EM_Std,F1_Std,Avg_Time,Context_Overlap,Faithfulness,Entity_Hallucination,Refusal_Rate,Answer_Rate,Avg_Pred_Length,Avg_Ref_Length,Length_Ratio,Num_Samples
Vanilla RAG,0.436,0.5594189772878966,0.4958870839213299,0.38974011895361227,2.3466196975100355,0.6719413230315437,0.7111424895252867,0.2304925352865017,0.198,1.0,1.634,1.702,1.0733333333333333,500
Simplified Self-RAG,0.476,0.5847943539590787,0.4994236678412428,0.3978553764092248,3.1302830586297734,0.709548385781819,0.738362199096146,0.1901091864302373,0.226,1.0,1.646,1.702,1.0653333333333335,500
Published Self-RAG,0.514,0.6033891007691673,0.4998039615689336,0.4099413396503101,3.8569929891683055,0.7378005051263147,0.7768718175949468,0.14967403154996925,0.19,1.0,1.652,1.702,1.0716666666666665,500
Agentic Self-RAG,0.526,0.615754161761297,0.4993235424051224,0.40661019521624064,4.221296290631033,0.7780851905841824,0.8205013247524325,0.11002405162606335,0.19,1.0,1.654,1.702,1.055,500
Ultra Agentic RAG,0.532,0.6164491975009685,0.49897494927100305,0.4109863430175259,5.846514396206081,0.7900208821980816,0.8296996443507377,0.10061940509137263,0.188,1.0,1.624,1.702,1.0256666666666667,500
